success,names
1,Recess: School's Out
0,Mighty Morphin Power Rangers: The Movie
0,The Friendship Game
0,Parental Guidance
1,The Wind Rises
0,Murder at Yellowstone City
1,My Lovely Angel
0,Love at First Kiss
0,Young Sister-In-Law 2
1,Rise of the Guardians
0,Kundun
0,DPMI-019 キャンギャル狂想脚 美月恋
0,The Transformers: The Movie
0,13 Exorcisms
0,Mysterious Skin
0,Sanctuary
1,Pokémon: Jirachi - Wish Maker
1,The Perfect Dinner
0,Detective Knight: Independence
0,You’re Killing Me
0,In the Heights
1,Our Father
1,The Cable Guy
1,Chang Can Dunk
0,Tenet
0,Richard Jewell
1,Kuch Kuch Hota Hai
0,Precious Cargo
0,Kicks
0,Rings
1,Spider-Man 2
0,Into the Blue
0,Ghost in the Shell: The New Movie
1,Spider-Man: All Roads Lead to No Way Home
0,Chapo: El Escape Del Siglo
0,First Knight
1,Open Range
0,The Finest Hours
0,The Rover
1,Tinker Bell and the Legend of the NeverBeast
1,John Wick: Chapter 3 - Parabellum
0,Erotic Ghost Story V
0,When the Lights Went Out
0,Young Lady Chatterley
1,Unfriended: Dark Web
0,Splatter: Naked Blood
1,The Bad Guys
1,Masquerade
1,The Dig
0,Spirit Halloween: The Movie
0,Tarumama
1,Inheritance
1,Batman: Hush
1,Think Like a Man Too
0,The Contractor
1,Fucking Different XXX
0,Lagaslas
0,Pan
0,The Last Duel
1,Saw
1,"Pamela, A Love Story"
0,A Chinese Odyssey Part One: Pandora's Box
1,Project Wolf Hunting
1,The Decameron
0,Addicted
1,All Things Fair
0,The Drop
0,Dream of JINSIA
1,Scream
0,The Spiderwick Chronicles
1,Unwelcome
0,The Medium
1,The Umbrellas of Cherbourg
0,Throne of Elves
1,If Only
1,Tunnel
0,Close
0,Ramona and Beezus
0,Valentine
0,Palo Alto
0,The Autopsy of Jane Doe
1,National Lampoon's Van Wilder
1,Pearl Harbor
1,Scooby-Doo! in Where's My Mummy?
1,Mission: Possible
0,CODA
0,Mae Bia
0,Ardor
1,Marudase Kintarou
1,Jojo Rabbit
0,The Secret of Moonacre
1,Three Steps Above Heaven
1,The Lost City
1,Tootsie
0,Scarface
1,Paths of Glory
0,Supergirl
0,Climax
0,Jennifer's Body
0,Sinbad: Legend of the Seven Seas
0,Spy Kids: All the Time in the World
0,The Fist of the Condor
0,Quarantine 2: Terminal
0,God of Gamblers
0,Black as Night
1,Ice Age: The Meltdown
0,The Void
1,The Ice Age Adventures of Buck Wild
1,Shivers
1,The Twelve Tasks of Asterix
1,Suicide Squad: Hell to Pay
1,Love Lesson
0,Joe Dirt
1,Project A
0,The Magic Roundabout
1,Collision Earth
0,Tolkien
1,Scooby-Doo! and the Gourmet Ghost
0,Wicked Little Things
1,Lady Bird
1,Firebreather
1,Heaven Is for Real
1,Away
1,Sex Is Zero
0,Teen Beach Movie
0,Daddy Day Care
1,Urusei Yatsura: Only You
0,A Nightmare on Elm Street: The Dream Child
0,Bulletproof
0,Gasoline Alley
1,Dances with Wolves
1,100 Streets
1,Mortal Kombat Legends: Battle of the Realms
0,Christmas with You
0,Damage
0,Thunder Monk
0,Easter Sunday
0,Enigma
0,G-Force
0,Sleeping with Other People
1,Casino Royale
0,Hatching
0,Dracula
0,Barbie
1,Alcarràs
1,The Witcher: Nightmare of the Wolf
1,Charade
1,Rumble in the Bronx
0,Kiki's Delivery Service
1,Dora and the Lost City of Gold
1,Ready Player One
0,Pizza Dare 2
1,Peter Knife
1,Witness
0,Soul
0,Wuthering Heights
1,The Night Eats the World
0,Love You Long Time
1,Vivo
1,Tom and Jerry: The Fast and the Furry
1,Secret Window
0,Godzilla Against MechaGodzilla
0,Day of Reckoning
0,The Silence
1,Sayen
1,John Wick: Chapter 2
1,The 300 Spartans
0,Snow White: A Tale of Terror
0,Blast from the Past
1,South Park: The 25th Anniversary Concert
1,Pamasahe
1,The Birth of a Nation
1,Life of Pi
0,Star Trek: Insurrection
1,Clueless
0,Better Watch Out
0,Night Hunter
1,Toy Story
1,The Lord of the Rings: The Fellowship of the Ring
1,My Father's Mexican Wedding
1,The Ten Commandments
1,The Hangover Part III
1,The League of Extraordinary Gentlemen
0,The Guardian
1,A Frozen Rooster
0,Free State of Jones
1,Scooby-Doo! and the Witch's Ghost
0,Radius
0,The Day the Earth Stood Still
1,Z-O-M-B-I-E-S 3
1,Young and Wild
1,Carne
0,A Waltons Thanksgiving
0,Dumb and Dumber To
1,Wrath of Man
0,Inside Deep Throat
0,A Conspiracy of Faith
0,Hollywood Chainsaw Hookers
0,Oz the Great and Powerful
1,The Princess Switch
1,Faraway
0,Rat Race
1,Blue Is the Warmest Color
0,Meander
0,The Dead Pool
0,Detective Conan: Black Iron Submarine
1,The Godfather Part III
0,The Crucifixion
1,Single All the Way
0,A Troll in Central Park
1,Berserk: The Golden Age Arc III - The Advent
1,Southpaw
1,The House with a Clock in Its Walls
0,Words on Bathroom Walls
1,Expelled from Paradise
1,High and Low
0,That's Amor
0,The Kids Are Alright: Destination Asturias
0,Beasts Clawing at Straws
0,Student Services
1,Ghosts of Girlfriends Past
1,Princess Protection Program
1,Legend Quest: The Origin
0,The Wild
0,The Dead Don't Die
1,Ex Machina
0,13:14: The Challenge of Helping
1,Logan
1,Tinker Bell and the Great Fairy Rescue
0,James and the Giant Peach
1,Transformers
1,Going Places
1,Son of God
1,Jurassic Greatest Moments: Jurassic Park to Jurassic World
0,Enter the Void
1,Moses
1,Letters from Iwo Jima
0,Mechanic: Resurrection
0,Sahara
0,Urban Legend
0,The Day of Swapping
1,Wish You
0,Batman Ninja
1,Pushpa: The Rise - Part 1
1,White Chicks
0,Naruto Shippuden the Movie: The Lost Tower
0,Vampires
1,The Time Traveler's Wife
0,Horsemen
0,Twilight
1,Straight Outta Compton
0,Sex Drive
1,Mission: Impossible - Rogue Nation
0,Secret Obsession
1,I'm a Porn Star: Gay 4 Pay
1,Mia and the White Lion
0,Sapphire Blue
0,Intergalactic Meeting
0,It Could Happen to You
1,The Fugitive
0,Orca
1,Big Jake
1,The Invisible Guest
0,The Boss Baby: Family Business
0,Apollo 18
1,Eureka: Eureka Seven Hi-Evolution
1,The African Queen
0,Creep
0,Cabin Fever
0,The Banker
1,Jurassic World
1,Stepmom's Desire
1,The Escort
0,Я хочу! Я буду!
0,The Temptation Came at Stormy Night
1,A Haunted House 2
0,Pinocchio 3000
0,솔라 플라워
0,Bound by Honor
1,The Princess Diaries 2: Royal Engagement
0,Season of the Witch
0,Children of the Living Dead
1,Jamon Jamon
1,Attraction
1,Nightride
1,Dragon Quest: Your Story
1,Phineas and Ferb: The Movie: Across the 2nd Dimension
0,The Gospel of John
1,The Lego Movie
0,Guns Akimbo
1,Tarzan & Jane
0,Basic
1,Rip Tide
1,Street Mobster
0,Blacklight
1,Fist of the North Star: Legend of Raoh - Chapter of Fierce Fight
0,Race to Witch Mountain
0,Ri¢hie Ri¢h
1,Jarhead 2: Field of Fire
1,Son of Batman
1,Blood Money
1,Más respeto que soy tu madre
0,The Birth of a Nation
1,Cell 211
1,Ghostland
1,Gravity
0,Stillwater
0,Dazed and Confused
0,Howard the Duck
1,StreetDance 2
1,Simulant
1,Green Lantern: Beware My Power
1,"Batman: The Long Halloween, Part Two"
0,Sounds Like Love
1,The Fox and the Hound
0,Silent Running
0,The Fall of the Roman Empire
0,Darlin'
1,Teen Titans Go! & DC Super Hero Girls: Mayhem in the Multiverse
0,Battle: Freestyle
1,Insurgent
1,The System
1,Iron Man & Captain America: Heroes United
0,Terrifier
0,Iron Sky
0,Restraint
1,Partly Cloudy
1,The Incredible Hulk Returns
0,Little Children
0,¡Que Viva México!
0,Domme
1,A Not So Merry Christmas
0,Taxi
0,Behind Enemy Lines III: Colombia
0,King Arthur: Legend of the Sword
1,The Robe
1,Cast Away
0,Year One
0,Police Academy: Mission to Moscow
0,The Week Of
0,Star Trek V: The Final Frontier
0,Idiocracy
1,Death Note Relight 2: L's Successors
0,Agent Game
0,Whiteout
0,Hostile
0,To Die For
0,Thomas and the Magic Railroad
1,The Red Ghost
0,The Swan Princess
1,Dumbo
0,13 Hours: The Secret Soldiers of Benghazi
1,Harry & Meghan: A Royal Romance
0,My Dinner with Andre
1,Austin Powers: The Spy Who Shagged Me
0,First Man
0,Teenage Mutant Ninja Turtles: Out of the Shadows
0,Feels Like Euphoria
1,Bruised
0,Exposed
1,M3GAN
1,Baywatch
0,Gridiron Gang
0,Space Cowboys
1,"Curious George: Go West, Go Wild"
0,Housewife Dealer
0,Scott Pilgrim vs. the World
1,The House of Flowers: The Movie
0,The Rocker
0,Seobok: Project Clone
1,Rescued by Ruby
0,Redcon-1
0,Special Forces
1,Survive
1,Toy Story 2
1,Jason and the Argonauts
1,Takers
0,Strange World
0,Miracle: Letters to the President
1,Billy Madison
1,Easy A
1,The Prestige
0,The Legend of Zorro
1,Time Is Up
1,EverAfter
0,Falcon Rising
1,Che: Part One
0,Jack Mimoun & the Secrets of Val Verde
1,Three Wishes for Cinderella
0,Gremlins 2: The New Batch
0,Savage Grace
1,Colorful
1,The Other Woman
0,Temptation of Aunt 2
1,Carlito's Way
0,Jan Dara: The Finale
0,Before the Fall
1,Beauty and the Beast
0,The Debt Collector
1,Tom Clancy's Without Remorse
1,Black Widow
0,Police Academy 5: Assignment Miami Beach
1,The Boss Baby: Get That Baby!
0,Questions for Memories
0,Rock Dog
0,The Beguiled
1,Buried
0,Mr. Popper's Penguins
0,Pelet Tali Pocong
1,The Last Warrior
1,Captain America: The Winter Soldier
1,The Wonderful Summer of Mickey Mouse
1,Meet the Fockers
1,The 40 Year Old Virgin
1,How to Marry a Millionaire
0,The Suicide Squad
1,Bleach the Movie: Hell Verse
1,Bad Moms
0,"Eleven Days, Eleven Nights"
0,The Good Neighbor
1,Excalibur
0,The 51st State
1,Raising Arizona
1,Wheels on Meals
0,You People
0,Fright Night
1,Hidden Leaf Village Grand Sports Festival!
0,The Kid
1,Peter Rabbit 2: The Runaway
0,The Avengers
1,Along Came Polly
1,The Pope's Exorcist
1,V/H/S/99
0,Planet of the Apes
1,Joseph: King of Dreams
0,The Bad Batch
1,When Harry Met Sally...
0,My Student's Mom 2
1,Kate
0,Breaking Surface
0,Crystal Skulls
1,The Firm
1,Overdose
0,Red Planet
1,Like Stars on Earth
0,13 Minutes
0,The 15:17 to Paris
1,The Foreigner
1,The Babysitter: Killer Queen
0,Beverly Hills Cop III
1,Wu Kong
1,Ayla: The Daughter of War
0,The Art of the Steal
1,Monster High: Electrified
0,Escape Room
1,The Jewel of the Nile
1,Hitman: Agent Jun
1,El último hombre sobre la Tierra
0,Royalteen
1,History of the World: Part I
1,Sword Art Online: Extra Edition
1,Breakthrough
0,Kajillionaire
0,You Won't Be Alone
1,Penguins of Madagascar
1,Forrest Gump
1,"It's a Mad, Mad, Mad, Mad World"
1,What We Leave Behind
1,Huevos: Little Rooster's Egg-Cellent Adventure
0,The Green Inferno
1,The Imitation Game
1,The Philadelphia Experiment
0,S.W.A.T.: Firefight
0,Viral
0,Meet Bill
1,Crayon Shin-chan: Super-Dimension! The Storm Called My Bride
0,Starship Troopers 2: Hero of the Federation
1,Pusher
0,Scary Movie 2
0,Hypnotic
0,Ghost House
0,Dogtooth
1,Madagascar: A Little Wild Holiday Goose Chase
1,Detective Conan: The Raven Chaser
0,The Lego Ninjago Movie
0,Green Lantern
1,Gladiator
0,Undercover Brother
0,Flux Gourmet
0,A Dog's Journey
0,The Woman in the Window
0,The Girl Next Door
1,American Reunion
0,Bayala: A Magical Adventure
0,The Last Exorcism Part II
1,Is It Wrong to Try to Pick Up Girls in a Dungeon?: Arrow of the Orion
0,Mirai
1,Talk to Her
1,Cuando Sea Joven
0,The Professional Bridesmaid
0,The Magnificent Seven
1,Deadpool
0,#Alive
1,The Name of the Rose
0,Little Boy
0,Angel Heart
0,Lassie Come Home
0,Milk Money
0,Erotic Ghost Story II
1,Standoff
0,The Takeover
1,You Should Have Left
1,Diamonds Are Forever
1,Transfusion
1,Thor
0,Fate/kaleid liner Prisma☆Illya: Licht Nameless Girl
1,Ghostbusters
0,The Last King
0,When Love Is Lust
1,Noah's Ark
1,La Casa
0,White Palace
1,Filth
1,The Purge: Anarchy
0,Mazinger Z: Infinity
1,Seven Pounds
0,The Farm
0,My Little Pony: Equestria Girls: Friendship Games
0,Mortal Engines
1,Homeward Bound: The Incredible Journey
1,The Godfather
0,False Positive
1,The Yin Yang Master
1,The Visitors II: The Corridors of Time
0,Blood: The Last Vampire
0,Strange Magic
1,28 Days Later
0,Porn Star Zombies
0,Rock Star
0,The Flesh
0,A Hard Day
1,Miraculous World: Shanghai – The Legend of Ladydragon
0,The Hole in the Fence
0,The Jurassic Games
0,Sator
1,The Maltese Falcon
1,The Wave
0,Cashback
0,Seventh Son
0,Cinderella Man
0,Erotic Ghost Story
0,The Girl in the Spider's Web
0,Delicious Sisters
0,Outland
0,Needful Things
0,The Fog
0,Doctor Sleep
0,Fantasy Island
1,Commando
1,Female Urologists 2
1,The Cat Returns
1,World Trade Center
0,The Last Sharknado: It's About Time
1,Hakuouki: Wild Dance of Kyoto
1,I've Always Liked You
1,Blueback
0,Destroy All Monsters
1,Dragon Knight
0,HollyBlood
0,Project Gemini
0,Double Lover
0,The Love Witch
1,The Ages of Lulu
1,Scary Movie
0,Anacondas: Trail of Blood
0,Replicas
1,Phenomenon
1,Dragonheart: Vengeance
0,12 Angry Men
1,Peter Rabbit
1,Teen Wolf
1,Halftime
1,Kill Your Darlings
0,High Strung
0,Wait With Me
0,Chaos Walking
1,Mahjong Nights
1,Togo
1,Cha Cha Real Smooth
1,Assassination Classroom: Graduation
1,Night at the Museum: Secret of the Tomb
1,Deliver Us from Evil
0,North Country
1,On a Wing and a Prayer
0,Muppets Most Wanted
1,A Nightmare on Elm Street 3: Dream Warriors
0,Sonríe
0,A Serbian Film
1,The Hitchhiker's Guide to the Galaxy
1,National Treasure
0,Si Saben Como me pongo Pa Que Me Invitan? 2
1,The Muppet Movie
1,BLACKPINK: Light Up the Sky
1,Tangled
0,Kahit Maputi na ang Buhok Ko
1,The Mad Women's Ball
0,Erotic Ghost Story III
1,The Exorcism of Emily Rose
0,Raped by an Angel
1,Under the Tuscan Sun
1,The Menu
1,Death Becomes Her
0,Flushed Away
0,Ravenous
1,Weekend at Bernie's
0,King Shakir Recycle
0,Here Comes the Boom
1,Precious
1,Paprika
0,Hot Hair Salon
1,The Boy Who Harnessed the Wind
1,Scooby-Doo! and the Goblin King
1,The Miseducation of Cameron Post
0,Four Rooms
1,The Concubine
1,Flight Crew
1,Us
1,Solo Somos Carne
0,Staying Alive
0,Suite Française
1,Kung Fu Panda Holiday
1,Gantz: Perfect Answer
1,Hal
1,A Cinderella Story: Once Upon a Song
0,Hocus Pocus
0,xXx
1,Welcome to the Dollhouse
0,Neighbors 2: Sorority Rising
1,South Park: Post COVID: The Return of COVID
1,Comrade
0,Tom and Jerry's Giant Adventure
0,Asteroid City
1,Rumble
1,Veronica
1,Spider-Man: No Way Home
0,High Life
0,Metropolis
1,Why Him?
0,I Am a Nymphomaniac
0,The Binding
1,Skandal! Bringing Down Wirecard
0,Crazy Love
0,File 253
0,Shortcut to Happiness
1,"Yes, No, or Maybe Half?"
0,What Lies Below
1,Mummies
1,Kimi
0,Killers
1,Phineas and Ferb: Mission Marvel
0,Clifford the Big Red Dog
0,Road to Ninja: Naruto the Movie
1,Honey: Rise Up and Dance
0,Rock of Ages
1,Little Women
1,Hotel Desire
0,Step Up All In
0,My Brother's Wife 2
1,Dirty Harry
1,Pokémon the Movie: White - Victini and Zekrom
1,Before Sunset
1,The Exorcism of God
0,Assassins
0,Anna
1,Ravanasura
1,The Babadook
1,Vengeance
1,Atlantis: Milo's Return
1,My Policeman
1,Ginger Snaps 2: Unleashed
1,Damien: Omen II
1,Halloween
1,Bring It On
0,The 9th Precinct
0,Barely Legal
0,Black Death
1,Secrets of the Saqqara Tomb
1,A Street Cat Named Bob
1,Look Who's Talking
0,The Haunted Mansion
1,Me Before You
0,Senseless
1,My Teacher Ate My Friend
1,Minions
0,GyG 2: El Hotel de los Líos
1,Match Point
1,High Plains Drifter
1,Another Round
0,The Messengers
1,Frozen II
1,Shutter
0,Robin Hood
0,Bad Times at the El Royale
1,Harsh Times
0,The Mortal Instruments: City of Bones
1,Bloodsport
0,Land of the Lost
1,Twins
1,One Day
0,A Female Employee's Taste
1,Pokémon: Mewtwo Returns
1,That Obscure Object of Desire
0,Dracula: Dead and Loving It
1,Woman in Gold
0,The Cat in the Hat
1,The Amityville Horror
1,The Black Stallion
1,Jackass: The Movie
0,Jethica
0,Purpose of Reunion 2
1,Mobile Suit Gundam Narrative
0,Monster House
0,Sympathy for Mr. Vengeance
1,Contract Killer
1,Stewie Griffin: The Untold Story
1,Tinker Bell
0,Perfect Blue
1,Happy Death Day 2U
0,Inconceivable
0,Fired Up!
0,Hot Tub Time Machine 2
1,Justice League: Gods and Monsters
0,Daylight's End
1,Animal Crackers
1,Serial (Bad) Weddings
0,Failure to Launch
0,Man of Tai Chi
0,Mars Needs Moms
0,Red Tails
0,Avengers: Quantum Encounter
1,The Gods Must Be Crazy
1,Green Lantern: Emerald Knights
0,Chris Rock: Selective Outrage
0,Anomalisa
0,Superwho?
1,Blade of the 47 Ronin
0,Hercules
1,Monster High: Ghouls Rule
0,7 Women and a Murder
1,The Town
1,V for Vendetta
1,Foster
0,My Wife's Sister
0,Kiss of the Dragon
0,Pet
1,Role Models
1,Marvel Studios Assembled: The Making of Eternals
0,Below
0,The Anthem of the Heart
1,Much Ado About Nothing
0,Benediction
1,Cat on a Hot Tin Roof
1,Bridesmaids
1,Escape Room
0,Universal Soldier II: Brothers in Arms
0,Young Aunt 3
1,Indiana Jones and the Temple of Doom
0,Embrace of the Vampire
1,BlacKkKlansman
1,Haikyuu!! The Movie: The End and the Beginning
0,The Protégé
0,After
0,Grave Encounters
0,The Wolf and the Lion
1,The Big Short
0,Radio
0,Alex Cross
0,Exists
1,Love in the Maldives
1,Creed III
1,Back to the Future Part III
1,Song of the South
0,Samson
1,Doraemon: Nobita and the Tin Labyrinth
1,Zootopia
1,Satan's Slaves 2: Communion
1,Halloween
0,First Love
1,Ivy + Bean: Doomed to Dance
0,Anna Karenina
1,How to Train Your Dragon: The Hidden World
0,Thick as Thieves
1,Katy Perry: Part of Me
1,Camp Rock
1,Legend of the BoneKnapper Dragon
1,101 Dalmatians II: Patch's London Adventure
0,I'll Always Know What You Did Last Summer
1,Stigmata
1,The Batman
1,At the End of the Tunnel
1,Okja
1,Cardcaptor Sakura: The Movie
0,Bionicle: The Legend Reborn
1,Waiting for Bojangles
1,Lewis Capaldi: How I'm Feeling Now
1,Oro y Polvo
0,Prince of Persia: The Sands of Time
0,Ticking Clock
0,The Pyramid
1,The War of the Worlds
0,Jacob
1,Big Brother
1,50/50
1,Miracles from Heaven
0,12 Hour Shift
1,Star Trek: First Contact
0,American Assassin
0,Tomorrow I Will Date With Yesterday's You
0,Encino Man
0,Seance
0,The Second Coming of Christ
0,Taming The Younger Sister-in-Law
1,Sinjar
1,The Martian
0,Sexology
0,Colonia
0,Anacondas: The Hunt for the Blood Orchid
1,Lion
0,The Wicker Man
0,Hole-in-law 2
1,Halloween H20: 20 Years Later
1,Doraemon: Nobita and the Galaxy Super-express
0,The Duchess
0,Mary and The Witch's Flower
0,Kung-Fu Zohra
0,Evil Eye
0,The Hurricane
1,Shrek the Halls
0,Monstrous
0,Dead Calm
1,In the Name of the Father
1,Trees of Peace
1,Child's Play 2
0,Secret Admirer
0,Willow
0,Rogue
1,32 Malasana Street
1,My Week with Marilyn
1,The Nightingale of Bursa
1,Lost Bullet 2
0,Bratz
1,Fracture
1,Dive
1,Surviving Paradise: A Family Tale
1,Dragon Ball Z: Gather Together! Goku's World
1,The Occupant
1,Furry Friends Forever: Elmo Gets a Puppy
1,The Last Samurai
1,Cheaper by the Dozen
1,Lemony Snicket's A Series of Unfortunate Events
0,Pet Sematary
0,Unforgetful Holiday
0,Sexual Chronicles of a French Family
1,The DUFF
0,Soylent Green
0,There Are No Saints
0,Come Play
0,Ooops! Noah Is Gone...
0,The Lover
1,Mama
1,Infernal Affairs
1,Poetic Justice
0,The Dukes of Hazzard
1,Adult World
1,Murder on the Orient Express
0,Pinocchio
0,The Action Pack Saves Christmas
0,Grand Isle
0,Welcome Home Roscoe Jenkins
1,Lego DC Batman: Family Matters
0,You Get Me
1,Doctor Dolittle
1,Dragon Ball: Curse of the Blood Rubies
1,Sanctum
0,Friend Couples: Swapping
0,Date Movie
1,Sherlock Holmes: A Game of Shadows
0,Control
1,The Tin Drum
1,Robin-B-Hood
1,A Trash Truck Christmas
0,Lifemark
0,Hulk
1,Santa vs Reyes
0,Mongol: The Rise of Genghis Khan
0,Big Momma's House
0,Attack on Titan
1,Miracle of Marcellino
1,"Planes, Trains and Automobiles"
1,Extreme Job
1,"O Brother, Where Art Thou?"
0,Megan
0,11th Hour Cleaning
0,Extraction 2
1,Raise the Red Lantern
1,Indecent Proposal
1,Persona 3 the Movie: #1 Spring of Birth
0,Female Urologists 3
0,Killing Gunther
1,Black Mirror: Bandersnatch
1,Last Film Show
0,Romance
1,The Mummy Returns
0,Deception
0,Cosmic Sin
1,The Last Mimzy
1,Dug's Special Mission
0,G.I. Joe: The Rise of Cobra
0,The Replacements
1,Stand and Deliver
0,Sin City: A Dame to Kill For
1,Haunt
1,Sword of the Stranger
0,Fahrenheit 451
0,Le Chef
1,Wayne's World
1,Cheaper by the Dozen
1,Taken
0,Dolittle
0,Batman: Assault on Arkham
1,WALL·E
1,Arabian Nights
0,The Shootist
0,"Game Over, Man!"
0,4x4
1,Sick
1,Looney Tunes: Rabbits Run
1,Sideways
0,Pinocchio
1,David Attenborough: A Life on Our Planet
1,The Hating Game
1,The Scientist
1,Shark: The Beginning
0,One Shot
1,Mamá no enRedes
1,Dawn of the Dead
1,The Terminator
1,The Lord of the Rings: The Return of the King
0,Little Man
1,Wild Tales
1,Skin
1,My Sassy Girl
0,The Little Mermaid
0,Senior Year
1,Ace Ventura: When Nature Calls
0,Inland Empire
0,Robinson Crusoe
1,Puppylove
0,The Ten Commandments: The Movie
1,Class of 1984
1,Transformers: Revenge of the Fallen
1,Kidnapped
1,The King
0,Torque
1,Maggie Simpson in Playdate with Destiny
1,Overboard
0,The Devil Inside
1,Final Destination
1,Alita: Battle Angel
0,Roald Dahl's Matilda the Musical
1,Hamilton
0,Detachment
1,Spenser Confidential
1,Extraordinary Mission
1,Notorious
1,Sweet Home Alabama
1,Doraemon: Nobita and the Spiral City
0,Chaplin
1,In His Shadow
0,Nanny
0,Haunting of the Mary Celeste
1,Annie Hall
1,Beverly Hills Chihuahua 3: Viva la Fiesta!
1,Cinderella and the Secret Prince
1,Cristiano de la Secreta
0,The Mission
1,The Peanuts Movie
0,Day of the Woman
1,13 Going on 30
1,Instant Family
1,Inside Llewyn Davis
0,El arca de Noé
0,Dinner for Schmucks
1,Teen Titans Go! vs. Teen Titans
0,Reggie
0,Jason Goes to Hell: The Final Friday
0,Replicas
1,Moonrise Kingdom
0,Punisher: War Zone
1,Blended
1,Monsters vs Aliens
1,Mile 22
0,The Hunchback of Notre Dame II
0,Palmer
0,Finders Keepers
1,Winnie the Pooh: A Very Merry Pooh Year
1,The Girl with the Dragon Tattoo
1,How I Became a Superhero
1,Doraemon: Nobita and the New Steel Troops: Winged Angels
1,Love Letter
1,Doraemon: Nobita's Dorabian Nights
1,Moonbound
1,Due Date
1,The Lost Lotteries
0,Bedazzled
0,The Killing of a Sacred Deer
0,Tommy Boy
1,Teenage Mutant Ninja Turtles II: The Secret of the Ooze
0,The Visitor from the Future
1,Jesus
0,Godzilla: Final Wars
0,Wild Things: Diamonds in the Rough
1,Pizza Dare 1
0,Assassin's Creed: Ascendance
0,Zarnitsa
0,The Circle
1,Life-Size
0,God's Not Dead
0,Pandorum
1,The Twilight Saga: Breaking Dawn - Part 2
0,Well
1,A Week Away
1,Boys Don't Cry
1,Deadstream
0,Next Avengers: Heroes of Tomorrow
0,Psycho
1,While You Were Sleeping
1,Batman: The Doom That Came to Gotham
0,13 Sins
1,Hansan: Rising Dragon
1,Mean Girls
1,The Belko Experiment
0,3 from Hell
1,I'll Take Your Dead
1,The Seven Deadly Sins: Prisoners of the Sky
0,Street Fighter: The Legend of Chun-Li
1,The Lost King
1,Four of the Apocalypse
1,Monster High: Fright On!
1,Dragon Ball: Episode of Bardock
1,Guardians of the Galaxy Vol. 2
1,Crocodile Dundee
1,Cinderella II: Dreams Come True
0,Cell
1,Night in Paradise
0,The Cobbler
1,Batman: Mystery of the Batwoman
0,ATL
1,Driving Miss Daisy
1,Ride Along 2
0,A Delicious Flight
1,Interstellar: Nolan's Odyssey
1,Girl in the Picture
0,Amityville: The Awakening
0,Princess Principal Crown Handler: Chapter 1
1,Letters to Juliet
0,Cold Mountain
1,MouseHunt
1,It’s Your Fault That My Heart Beats
0,Aloha
1,The Jackal
0,Single Bells
0,Dangerous Liaisons
0,The Arrival
0,Turbo Kid
0,The Unbearable Weight of Massive Talent
1,Cobain: Montage of Heck
0,Covet: Island of Desire
1,Illusion
1,Working Girl
1,The Sound of Music
0,Pokémon the Movie: I Choose You!
1,Samaritan
1,Newness
0,The Last Castle
0,Huesera: The Bone Woman
1,The Glass Castle
1,The Nightmare Before Christmas
1,Hotel Transylvania: Puppy!
1,The Girl on a Bulldozer
1,Blades of Glory
0,Baby's Day Out
0,Wounds
0,Vengeance
0,The 13th Warrior
1,Harry Potter and the Deathly Hallows: Part 2
1,Escape from the Planet of the Apes
0,Mortal Kombat
0,The Scorpion King 2: Rise of a Warrior
1,The Longest Yard
0,Jesus Christ Superstar
0,The Kid Who Would Be King
0,Malibu Shark Attack
1,Whispering Corridors 6: The Humming
1,How to Steal a Million
1,The Next Three Days
1,Another Egg and Chicken Movie
1,The Three Musketeers: D'Artagnan
0,Road Wars
0,Sinner: The Secret Diary of a Nymphomaniac
1,Johnny English Strikes Again
1,To All the Boys: P.S. I Still Love You
1,Wild Flowers
1,Maria Full of Grace
0,"Hail, Caesar!"
1,Hairspray
0,Hillbilly Elegy
0,My Hero Academia: Heroes Rising
0,House of the Witch
0,Mother's Job
1,The Cellar
1,Bholaa
1,The Girl from the Other Side
0,Watcher
0,American Heist
1,RoboCop
0,Call of the Blonde Goddess
1,The Return of Jafar
1,The Rugrats Movie
1,The Hunt for the Hidden Relic
0,The Thaw
0,Solitary
0,Billionaire Boys Club
0,Green Room
0,Emergency Declaration
1,Curious George: Royal Monkey
1,A Man of Action
1,Alex Strangelove
0,Old Henry
1,The 8th Night
0,Igor
0,Exam
0,Grimsby
1,Out for Justice
1,Run
1,Excision
1,Paradox
0,Maigret
1,Pretty Baby: Brooke Shields
0,Garota da Moto
1,Scooby-Doo! Moon Monster Madness
1,Yu Pui Tsuen II
0,Total Recall
0,Dungeons & Dragons: Wrath of the Dragon God
0,The Book of Life
0,Collide
0,The Lost Daughter
1,Sharper
0,The Final Wish
0,IO
0,Diary of a Nymphomaniac
1,Back to the Future Part II
0,The Nun
1,Under the Sea: A Descendants Story
1,Dogma
1,Darkest Hour
1,Tentacles
0,The Doors
0,Rookie of the Year
1,Assassin's Creed: Embers
1,Monster High: The Movie
0,Cypher
1,Lord of Illusions
0,Guess Who's Coming for Breakfast
0,Paranoia
0,Spring Breakers
0,This Is 40
1,Erotic Tutoring 2
0,Romeo & Juliet
0,District B13
1,Valley of the Dead
1,Marvel Studios Assembled: The Making of Black Panther: Wakanda Forever
1,Belzebuth
1,Jackass 3D
1,Gandhi
1,2 Hearts
1,Justice League: Doom
0,The Break-Up
0,Just Married
0,Gotti
0,The Basketball Diaries
1,Devil's Workshop
0,2022 Tsunami
1,American Murderer
1,Down Periscope
1,Toc Toc
1,"Man, Woman & the Wall"
0,Lolita
1,Kingsman: The Golden Circle
1,Jackass Forever
0,The Lost Prince
1,Training Day
1,In Bruges
1,Spider-Man 3
1,Ransom
1,The Fly
1,Tom and Jerry Meet Sherlock Holmes
0,Bunks
1,Goal!
0,The SpongeBob Movie: Sponge on the Run
1,LEGO Star Wars Holiday Special
1,In the Forest
0,Legend Quest: The Legend of the Guanajuato Mummies
0,Missing in Action 2: The Beginning
1,Offender
0,Winnie the Pooh: Blood and Honey
0,Tom and Jerry: A Nutcracker Tale
1,The Return of the King
1,The Little Vampire 3D
0,Run & Gun
1,All Quiet on the Western Front
1,Jumanji
1,The Kite Runner
1,The Last Mercenary
1,Sex and Zen III
1,The Sandlot
0,Self/less
0,Cruella
1,Network
1,Trois: The Escort
0,The Return of the Texas Chainsaw Massacre
0,Sex: A Relationship and Not Marriage
1,Octopussy
1,Two by Two: Overboard!
0,The Last Full Measure
1,Batman: Gotham Knight
1,Solo: A Star Wars Story
0,The Marine
0,George of the Jungle 2
1,Dawn of the Dead
0,Lara Croft: Tomb Raider
0,The Dreamers
1,West Side Story
1,The Battle at Lake Changjin
1,Mower Minions
1,A League of Their Own
1,Groundhog Day
0,Asterix: The Mansions of the Gods
0,Against All Odds
0,Black and Blue
0,Tron
0,Unravel: A Swiss Side Love Story
0,The Thing
1,Cici
0,His Only Son
0,"Hello, Dolly!"
0,Crayon Shin-chan: Pursuit of the Balls of Darkness
1,Lawrence of Arabia
1,Moonshot
1,Scream 3
1,The Package
0,A Little Princess
1,Premonition
0,From Hell
1,Love Actually
1,Disobedience
1,Secretary
0,The Aftermath
0,Army of Darkness
0,My Life in Ruins
0,Rashomon
1,Ferris Bueller's Day Off
0,I Won't Let You Go
0,Southern Gospel
0,The City of Lost Children
0,Striptease
0,Donkey's Christmas Shrektacular
0,War on Everyone
1,Forever My Girl
0,Psychosexual
1,Sexmission
0,Mighty Joe Young
1,The Good Liar
0,Species
1,Young Mother-in-Law
0,Giovannona Long-Thigh
1,El día de los albañiles: Los maistros del amor
0,Children of the Corn
0,Gone
1,Crystal Lake Memories: The Complete History of Friday the 13th
0,Sister-in-law's Taste 2
0,Young Older Sister-in-Law 3
1,Barbie: A Fairy Secret
0,Free Fire
0,Christmas on Mistletoe Farm
0,Vital Sign
0,Flower and Snake 3: Punishment
1,Elite Squad: The Enemy Within
0,The Virgin Suicides
1,The Longest Day
0,I Now Pronounce You Chuck & Larry
0,Inkheart
0,Home Alone: The Holiday Heist
1,Abominable
1,Folie à Famille
0,Confidence
0,Wild Is the Wind
1,Minuscule 2: Mandibles from Far Away
1,Being John Malkovich
1,Real Steel
1,The Wedding Date
1,El Siete Machos
0,Bad Girls
1,Paddington
1,Scream
0,Staring at Strangers
0,The Kid
1,Six Days Seven Nights
0,Perfect Stranger
1,"Where'd You Go, Bernadette"
1,The Innocents
0,Gangs of Lagos
0,Pumpkinhead
1,His Girl Friday
0,Kiss Kiss Bang Bang
0,Blackfish
0,Gods of Egypt
0,Paradise Alley
1,Operation Mekong
1,House of Pleasures
1,TMNT
0,Aftermath
0,Once Upon a Time in America
1,Romancing the Stone
1,The Locksmith
0,The Man from Rome
1,High Noon
1,AI Love You
1,Source Code
0,The Scorpion King 4: Quest for Power
1,The Marine 5: Battleground
0,Wrong Turn 6: Last Resort
0,Beethoven's Big Break
1,Disturbia
1,Gold Run
0,The Tale of The Princess Kaguya
0,Fat Ass Zombies
0,Ikiru
1,Downfall: The Case Against Boeing
0,Erax
0,Flight of the Phoenix
1,Hotel Transylvania
0,The Guardian Brothers
0,Legion
1,Megamind: The Button of Doom
0,New York Minute
0,El Dorado
1,Bull Durham
0,Turbo
1,Sex and Fury
1,Feel the Beat
0,Death Wish
1,Larva Pendant
0,The Tax Collector
1,Fantastic Beasts: A Natural History
1,Friday the 13th Part VI: Jason Lives
0,Fireworks
1,Matando Cabos 2: La Máscara del Máscara
0,The Babysitters
1,An American Werewolf in London
1,Eraser
0,Isle of the Dead
1,Stan & Ollie
1,Peninsula
0,Valiant
1,Apocalypto
0,Master Z: Ip Man Legacy
1,The Battleship Island
1,Bridget Jones's Diary
1,28 Weeks Later
0,Steins;Gate: The Movie - Load Region of Déjà Vu
0,Next-Door Nightmare
1,Collision
1,Hellraiser
0,Starsky & Hutch
0,Rust Creek
0,Don’t Leave Home
1,Don't Breathe 2
0,Brothers
0,Two for the Money
1,Venom
0,Outcast
1,Focus
1,Directing Annabelle: Creation
0,West Side Story
0,Joyeux Noel
0,Nurse 3-D
0,Molly's Game
0,GoodFellas
1,Red Dog
0,Jackie Chan Kung Fu Master
0,Realms
1,Four Kids and It
1,Malvada
0,Brazen
1,High Heat
0,After Sex
0,The Eye
0,Ben-Hur
1,Friday the 13th: The Final Chapter
0,Videodrome
1,The Drawn Together Movie: The Movie!
0,Unstoppable
1,The Jungle Book
0,Riverdance: The Animated Adventure
0,It
1,Lego DC Comics Super Heroes: The Flash
0,Never Back Down 2: The Beatdown
1,The Wizard of Oz
1,The Wing or the Thigh?
0,Snitch
1,Kaguya-sama: Love Is War -The First Kiss That Never Ends-
0,The Scarlet Letter
1,Child of Kamiari Month
1,"Extremely Wicked, Shockingly Evil and Vile"
1,Offering to the Storm
0,Eragon
1,Beauty and the Beast
0,The Double
0,The Sword and the Sorcerer
0,All Is Lost
1,Hey Arnold! The Jungle Movie
0,Felony
0,Asterix & Obelix: God Save Britannia
0,The Brothers Grimm
1,Deep Water
1,An Autumn Romance
0,The Homesman
1,Sex and the City
1,Luis und die Aliens
0,American Kamasutra
1,F9
0,Watchmen
0,War of the Worlds 2: The Next Wave
0,On Deadly Ground
1,War Room
0,Horseplay
1,Rurouni Kenshin Part III: The Legend Ends
1,Solace
1,She's the One
0,Mune: Guardian of the Moon
1,Call Me by Your Name
0,Rio Bravo
0,Trinity Is Still My Name
1,Swan Song
0,Thawing Out
0,Love & Gelato
0,Black Mass
0,Before I Go to Sleep
0,Angel Guts: Red Porno
1,War Horse
0,An Affair: My Sister-in-law's Love
1,Cinderella
1,Shaft
0,"10,000 BC"
1,Juno
0,Brian Banks
1,Iron Mask
1,WWE WrestleMania 39 Saturday
1,Payback
1,Father There Is Only One
0,Dahmer
0,Hall Pass
0,Deep Blue Sea 2
1,Don't Kill It
1,47 Hours to Live
0,Get Over It
1,Die neuen Abenteuer des Sanitätsgefreiten Neumann
1,The Meg
0,The Life of David Gale
1,Hellhole
1,Sexy Night Report n. 2
1,Skyscraper
1,Puella Magi Madoka Magica the Movie Part II: Eternal
0,The Little Hours
0,Batman Forever
1,Major Payne
0,Bicentennial Man
0,Lying and Stealing
1,Arrival
0,The Relic
0,Bent
1,X+Y
1,Eurovision Song Contest: The Story of Fire Saga
0,Zombie Apocalypse
0,Mulan: Rise of a Warrior
0,King David
0,Inexorable
0,Mom's Friend 6
1,Stand Up Guys
0,U Turn
0,After
0,The Midnight Man
0,The Mystic Nine: Begonia from Qingshan
0,Journey to the West: The Demons Strike Back
0,Jimmy Neutron: Boy Genius
0,Centurion
0,Three O'Clock High
0,They're Playing with Fire
0,Tango & Cash
0,Heist
1,Black Butterfly
1,The Little Guy
1,High School Teacher: Maturing
1,One Piece: Strong World
1,The Secret Life of Bees
0,Holy Spider
0,I Still Know What You Did Last Summer
0,Hamlet: Bristol Old Vic Live
1,An Officer and a Gentleman
1,M*A*S*H
0,Motherly
1,Friday Night Lights
1,The Ghost of Lord Farquaad
0,Pokémon the Movie: Kyurem vs. the Sword of Justice
1,One Direction: This Is Us
0,Tarzan
1,Tarzan
0,Beasts of No Nation
1,The Killing
0,Fate/Grand Order the Movie: Divine Realm of the Round Table: Camelot Wandering; Agateram
0,Green Street Hooligans
1,How to Train Your Dragon: Homecoming
0,Sinister 2
1,Corpse Bride
0,The Day the Earth Stood Still
1,Descendants
1,Zombieland: Double Tap
1,Antz
0,Alice in Wonderland
1,Madagascar
1,Cradle 2 the Grave
1,The Last Seduction
0,Bride of Chucky
0,Grenfell
0,Circuitt
1,My Cousin Vinny
0,Firestarter
1,"Sex, Shame & Tears"
0,Outlander
1,Obsession
0,The Avengers
1,Kimetsu Orchestra Concert
0,Stasis
1,Hancock
1,Summer Ghost
1,Under Siege
1,Soulmate
1,American Hustle
1,Ice Age
1,Sky High
1,Chinatown
1,"Batman: The Long Halloween, Part One"
0,Ghost Team One
1,Maleficent: Mistress of Evil
1,Harry Potter and the Order of the Phoenix
1,American Underdog
0,Swingers Party with My Friend
1,Minari
0,The Courier
1,The Spy Who Dumped Me
1,Hanna
0,Chained - The Seduction of Two Women
0,Ironclad
0,Hidalgo
1,LEGO DC Comics Super Heroes: Justice League - Attack of the Legion of Doom!
0,Lolita
0,Bloodshot
1,Nausicaä of the Valley of the Wind
1,Rocky
0,Sister-in-law's Taste
1,The Possession
1,Weathering with You
0,The Light Between Oceans
0,Alice Through the Looking Glass
1,All Hail
0,3 Ninjas Knuckle Up
0,Mom's Friend 2
0,Flower & Snake 3
1,Blue Valentine
0,Revoir Paris
1,Falling for Christmas
1,The Thing from Another World
1,The Fate of the Furious
0,Cursed
1,Atlantis: The Lost Empire
0,The Human Centipede 2 (Full Sequence)
0,Garfield: A Tail of Two Kitties
0,Deepwater Horizon
1,Last Shift
1,The Package
0,Mary Queen of Scots
1,Mobile Suit Gundam I
0,Another Gay Movie
1,Con Air
0,40 Years Young
0,Skins
1,Un Chien Andalou
1,Sierra Burgess Is a Loser
0,Greenberg
0,The Borrowers
0,Devil's Due
1,The Craft
1,Hang 'em High
1,The Producers
0,Extraction
0,Chain Reaction
0,The Perfect Game
1,Inferno
0,The Bounty
0,Walk Hard: The Dewey Cox Story
1,House of Flying Daggers
0,The Magnificent Seven
1,The Purge
1,Mad Max 2
1,Clash of the Titans
1,The Florida Project
0,Gambit
1,Phantastische Harry Potter Momente - Das große SAT.1 Spezial
1,Outside the Wire
1,Romeo + Juliet
1,"Happy Halloween, Scooby-Doo!"
0,Guy Ritchie's The Covenant
0,The Apocalypse
1,Inside Man
1,Romeo and Juliet
1,Naruto Shippuden the Movie: Blood Prison
0,The Drover's Wife: The Legend of Molly Johnson
1,Tom & Jerry
1,Scream
0,The Card Counter
0,The Labyrinth of Grisaia
0,13 Ghosts
0,Days of Being Wild
0,Lullaby
1,Annie
1,Monster Hunt
0,Kim Possible
1,Fyre
0,Copshop
1,The Talented Mr. Ripley
1,"Alexander and the Terrible, Horrible, No Good, Very Bad Day"
1,The Price of Family
1,I Am Number Four
1,Billy Elliot
0,Barry Lyndon
1,Nobody's Hero
0,A Most Violent Year
1,Step Up 3D
1,"Josee, the Tiger and the Fish"
1,NiNoKuni
0,Wife for Rent
1,Have a Nice Day!
1,House of Gucci
1,Game of Death
1,The Hidden
1,Moonlight
1,Fury
1,The Man from Toronto
0,Armored
1,Bixler High Private Eye
1,The Sin
0,The Human Centipede 3 (Final Sequence)
1,The Jungle Bunch
0,Sex and Death 101
1,The Last Letter from Your Lover
1,Gabriel's Inferno: Part III
0,大学生出差服务
1,The Unforgiven
0,Deinfluencer
1,On the Waterfront
0,Immoral Tales
0,Her Blue Sky
0,Sonic Drone Home
1,Halloween
1,The Last Warrior: A Messenger of Darkness
0,Virgin Forest
1,A Writer's Odyssey
1,"Germany, Year Zero"
1,Batman and Superman: Battle of the Super Sons
1,The Witch: Part 1. The Subversion
0,Hudson Hawk
1,American Sicario
0,Taste 2
1,The Sex Of The Angels
1,"Love, Chunibyo & Other Delusions! Rikka Version"
0,Critters Attack!
1,Good Kids
0,Brahms: The Boy II
0,A History of Violence
0,Bleeding Steel
1,Rigodon
0,Flipped
1,Goosebumps
1,Papillon
0,Superman IV: The Quest for Peace
1,The Lobster
0,A Model Kidnapping
0,Sherlock Gnomes
1,Taken 2
0,The Secret Garden
1,Take Your Pills
1,Attack on Titan
1,Clean
1,The Three Caballeros
0,Broken City
0,Playing It Cool
0,Invincible
0,I Give It a Year
1,Porco Rosso
1,Female Boss Hooker
1,Crazy Desire
0,Oppressive Torture
0,Wanderlust
0,The Matrix Resurrections
0,Johnson Family Vacation
1,The Rescuers
0,Kicking & Screaming
1,Martyrs Lane
0,Flee
0,Little Manhattan
0,My Girlfriend's Mother 2
0,3:10 to Yuma
1,Bolt
1,The Chosen: Season 3 Finale
0,Demonic
1,The Blue Lagoon
0,Everybody Hates Johan
0,Thir13en Ghosts
1,I Am Vanessa Guillen
1,Boiling Point
1,Believer
1,Phineas and Ferb: Star Wars
0,A Bronx Tale
0,Bingo
0,The Omen
1,Kabaneri of the Iron Fortress: The Battle of Unato
1,Yu-Gi-Oh!: Bonds Beyond Time
1,Wish Upon a Unicorn
1,Jurassic Park
0,Nosferatu
1,Schumacher
0,The Bye Bye Man
1,Crash
0,Jesse Rodriguez vs. Cristian Gonzalez
1,Paterson
0,Before Sunrise
1,Black Panther
1,Serve the People
0,Slumber
0,Room Salon College Girls
1,Heartbreak Ridge
0,The New Guy
0,Julia X
1,6 Bullets
1,Kon-Tiki
1,Ajin: Demi-Human – Compel
1,Teen Titans: The Judas Contract
0,What If
1,The Bribe of Heaven
1,Game of Thrones: The Last Watch
1,Ice Age: Continental Drift
0,Big Driver
0,The Unfamiliar
0,Ben 10: Destroy All Aliens
1,Fathers and Daughters
1,Hard Target
1,Midnight
0,Color of Night
0,Blood Work
1,The Fourth Kind
0,The Candy Witch
1,The Danish Girl
1,Can't Buy Me Love
0,Pets United
1,Young Guns II
1,Fantomas
0,Tinker Bell and the Pirate Fairy
1,Born in China
1,Dangerous
0,Aunt's Temptation 3
0,RV
0,The Ten Commandments
0,The Game
1,Boyz n the Hood
0,Temptation Summary
0,Ong Bak 3
1,In the Line of Fire
0,Contact
0,The Island of Giant Insects
0,Roald Dahl's The Witches
1,Crimson Rivers II: Angels of the Apocalypse
1,Rathinirvedam
0,Nocturne
0,The Green Knight
1,The Banshees of Inisherin
0,Honk for Jesus. Save Your Soul.
1,Yakuza Princess
0,Love Wrecked
1,Ruby & Quentin
1,Hidden
0,HOUBA! On the Trail of the Marsupilami
0,Provocation
1,After
0,Pulse
1,Taylor Swift: Reputation Stadium Tour
0,The Mummy
0,Unlock Your Heart
0,Mighty Aphrodite
0,Summer of 85
0,The Janes
1,The Babysitter
0,Showgirls
1,The Villainess
1,Magic in the Moonlight
0,Alice in Wonderland
0,Martyrs
0,Mary
0,Jack the Giant Slayer
1,The Haunted World of El Superbeasto
1,The Cabin in the Woods
1,Passengers
1,Doraemon: Nobita's New Great Adventure Into the Underworld - The Seven Magic Users
1,Unbreakable
0,Rise of the Mummy
0,Venom
1,Zombies: A Living History
1,One Piece: Clockwork Island Adventure
0,Incoming
0,What Dreams May Come
1,The Magician's Elephant
1,Stripes
1,Rain Man
1,Barbie Presents: Thumbelina
1,Twitches Too
0,Hell Baby
0,Overlord
0,Ponniyin Selvan: Part I
0,Three Thousand Years of Longing
0,First Daughter
1,The Dark Knight
0,One Piece Film: GOLD
0,Brothers
0,Milf
1,Three Christs
1,One Piece: Strong World Episode 0
1,Dante's Inferno: An Animated Epic
1,The Karate Kid
0,"Moses, Prince of Egypt"
1,The Water Man
0,Once Upon a Time in China II
1,Ponyo
0,The Call of Sex
0,極道記者2 馬券転生篇
0,Snow Falls
1,Ali G Indahouse
1,One Missed Call
0,Sexo
1,Man of Steel
0,Spies in Disguise
1,Golden Escape
0,Celebrity Sex Tape
1,Amour
0,The Kid
1,Somewhere in Time
0,Death Race 2050
1,Horrible Bosses 2
0,If I Were a Boy
0,Evil Dead II
1,Smurfs: The Lost Village
0,Arena
0,From Dusk Till Dawn
0,Ender's Game
0,The Adam Project
0,Monte Carlo
0,Teenage Mutant Ninja Turtles III
0,Blue Rain Osaka
1,The Man with the Golden Gun
1,Squeal
0,Glass Onion: A Knives Out Mystery
1,Pet Sematary
0,The Only Living Boy in New York
1,Blade II
1,Teen Wolf: The Movie
1,X-Men: Days of Future Past
1,Cinderella
1,Deseo
0,The Tomorrow War
1,Grease Live
0,Logan Lucky
0,Lost Highway
1,Friday the 13th Part 2
1,Checkered Ninja
0,Alone in the Dark
0,Sin Nombre
0,The Devil's Backbone
0,The Knight Before Christmas
0,Butchers
1,Ju-on: The Grudge 2
1,I Want You
0,The Communion Girl
0,30 Minutes or Less
1,Big Trip 2: Special Delivery
0,Gabriel's Inferno: Part IV
0,The Lion King 1½
0,The Perfumier
1,Inuyasha the Movie: Affections Touching Across Time
1,Tremors 2: Aftershocks
0,The Visitor
1,The Family
1,Swimming Pool
0,Man on a Ledge
1,All Quiet on the Western Front
0,Under the Silver Lake
0,My Little Pony: Equestria Girls - Rainbow Rocks
1,Mike's New Car
1,The Enforcer
0,Cats
0,"Argentina, 1985"
0,The Fabelmans
1,Junglee
1,A Werewolf Boy
0,The Monkey King 2
1,Barbie of Swan Lake
0,Paranormal Activity 2
0,Point Blank
0,Quills
1,King Tweety
0,Private School
1,Spider-Man: Far From Home
0,La espina de Dios
0,The Love Bug
1,The Notebook
1,Lady Bloodfight
1,Halo Legends
1,The Bone Collector
0,Sniper
0,Gamer
1,Crimes of the Future
1,Bad Luck Banging or Loony Porn
0,Bite
1,Trolls Holiday
0,Detective Conan: The Time Bombed Skyscraper
1,A Whisker Away
1,Monster Family 2
1,Christiane F.
0,Witchcraft vs. Curse
1,The Avengers
1,The Science of Interstellar
0,Love
1,Madly Madagascar
1,It's Only the End of the World
0,Three Swedish Girls in Upper Bavaria
0,Think Like a Dog
1,Sword Master
1,The Kissing Booth
1,The Tangalanga Method
1,Lover of the Last Empress
1,King Kong
1,Shottas
1,Daybreakers
1,Persuasion
0,Pacific Rim: Uprising
0,Prisoners of the Ghostland
1,Dragon: The Bruce Lee Story
1,Patema Inverted
0,Concussion
0,Dunston Checks In
0,The Secret Scripture
1,The Sadness
1,Father of the Bride
0,The Salvation
1,The Mistress of Spices
0,The Good Doctor
0,Whisper
1,Barbie: Epic Road Trip
1,Murder Mystery 2
1,Macario
1,The Nanny Diaries
1,The Hills Have Eyes
1,The Intouchables
1,Hereditary
0,Night of the Zombies
1,Howl's Moving Castle
1,Lost & Found
0,Panama
1,Ranma ½: The Movie 2 — The Battle of Togenkyo: Rescue the Brides!
0,The Sisters Brothers
0,The Girl Next Door
0,Streets of Fire
0,Black Warrant
0,Kung Fu Dunk
0,Untraceable
1,Star Trek VI: The Undiscovered Country
0,Darkman II: The Return of Durant
1,Scooby-Doo and the Alien Invaders
1,Saving Private Ryan
1,King Kong
0,Jaws: The Revenge
1,Scooby-Doo! and the Curse of the 13th Ghost
1,The Phantom of the Opera
1,Cats & Dogs 3: Paws Unite
1,Well Suited For Christmas
1,Grisaia: Phantom Trigger The Animation - Stargazer
0,Ambulance
1,The Twilight Saga: Eclipse
1,The Great Mouse Detective
1,Extinct
1,Megamind
1,An American Tail
1,Barbie: A Perfect Christmas
0,A Tale of Two Sisters
0,Surrogates
1,Attraction
0,Clown
0,Vertigo
0,Don't Listen
1,Dragon Ball: Goku's Traffic Safety
0,Cry_Wolf
1,Batman & Mr. Freeze: SubZero
1,Doraemon: Nobita's Great Battle of the Mermaid King
1,Safe House
0,F*ck Love Too
1,Collateral
0,Doom
1,Batman Unmasked: The Psychology of 'The Dark Knight'
